id;code_response;end_point;login_acteur;request_id;date_request;date_response;request_tr;response_tr
1;revolutionize platforms;exploit Buckinghamshire Technicien;b Coordinateur backing;Account convergence;2020-05-15T00:01:09;2020-05-15T13:44:06;../fake-data/blob/hipster.txt;../fake-data/blob/hipster.txt
2;scale Fish Agent;Languedoc-Roussillon encryption;Gloves Cotton matrix;circuit Technicien Credit;2020-05-15T05:24:17;2020-05-14T18:20:31;../fake-data/blob/hipster.txt;../fake-data/blob/hipster.txt
3;Philippines program;array Steel;Industrial;Azerbaijanian;2020-05-15T05:45:32;2020-05-15T02:54:51;../fake-data/blob/hipster.txt;../fake-data/blob/hipster.txt
4;Dollar microchip;payment navigate;local vortals;Toys deposit Pizza;2020-05-14T19:55:52;2020-05-14T20:28:00;../fake-data/blob/hipster.txt;../fake-data/blob/hipster.txt
5;homogeneous;Angola Languedoc-Roussillon;Borders programming;Account Bacon Assistant;2020-05-15T03:33:55;2020-05-14T16:03:52;../fake-data/blob/hipster.txt;../fake-data/blob/hipster.txt
6;Nord-Pas-de-Calais;c Bedfordshire Incredible;b;Soft compressing;2020-05-15T01:01:01;2020-05-15T04:34:07;../fake-data/blob/hipster.txt;../fake-data/blob/hipster.txt
7;open-source;hacking b silver;Chips Cotton synthesizing;Loan wireless;2020-05-15T05:26:18;2020-05-14T23:33:04;../fake-data/blob/hipster.txt;../fake-data/blob/hipster.txt
8;generating;Borders;Home;Kwacha Buckinghamshire;2020-05-14T21:55:44;2020-05-15T04:58:33;../fake-data/blob/hipster.txt;../fake-data/blob/hipster.txt
9;Phased;d'Argenteuil Awesome;alarm 1080p;matrix magenta;2020-05-15T03:39:41;2020-05-14T17:11:18;../fake-data/blob/hipster.txt;../fake-data/blob/hipster.txt
10;collaboration;Cheese;Avon a;Credit;2020-05-15T04:05:58;2020-05-15T04:28:19;../fake-data/blob/hipster.txt;../fake-data/blob/hipster.txt
